game_id,half,t,text_delay,roar_delay
england_epl/2015-2016/2015-08-23 - 15-30 West Brom 2 - 3 Chelsea,1,1169.36,,
england_epl/2015-2016/2015-08-23 - 15-30 West Brom 2 - 3 Chelsea,1,1749.2,,-0.43600000000014916
england_epl/2015-2016/2015-08-23 - 15-30 West Brom 2 - 3 Chelsea,1,2090.4,,0.6439999999997781
england_epl/2015-2016/2015-08-23 - 15-30 West Brom 2 - 3 Chelsea,1,2499.676,,
england_epl/2015-2016/2015-08-23 - 15-30 West Brom 2 - 3 Chelsea,2,813.6,,
england_epl/2015-2016/2015-09-20 - 18-00 Southampton 2 - 3 Manchester United,1,749.84,,
england_epl/2015-2016/2015-09-20 - 18-00 Southampton 2 - 3 Manchester United,1,2037.716,9.732068538331532,
england_epl/2015-2016/2015-09-20 - 18-00 Southampton 2 - 3 Manchester United,2,302.12,,
england_epl/2015-2016/2015-09-20 - 18-00 Southampton 2 - 3 Manchester United,2,1364.023,,1.18100000000004
england_epl/2015-2016/2015-09-20 - 18-00 Southampton 2 - 3 Manchester United,2,2424.48,7.79852219855411,
england_epl/2016-2017/2016-09-24 - 14-30 Manchester United 4 - 1 Leicester,1,1308.462,,
england_epl/2016-2017/2016-09-24 - 14-30 Manchester United 4 - 1 Leicester,1,2161.24,,0.07400000000006912
england_epl/2016-2017/2016-09-24 - 14-30 Manchester United 4 - 1 Leicester,1,2340.48,,
england_epl/2016-2017/2016-09-24 - 14-30 Manchester United 4 - 1 Leicester,1,2475.88,,1.3040000000000873
england_epl/2016-2017/2016-09-24 - 14-30 Manchester United 4 - 1 Leicester,2,839.32,6.864048959752495,0.7439999999999145
europe_uefa-champions-league/2014-2015/2015-03-10 - 22-45 Real Madrid 3 - 4 Schalke,1,1190.0,5.321538332151249,0.2639999999998963
europe_uefa-champions-league/2014-2015/2015-03-10 - 22-45 Real Madrid 3 - 4 Schalke,1,1464.216,,
europe_uefa-champions-league/2014-2015/2015-03-10 - 22-45 Real Madrid 3 - 4 Schalke,1,2371.0,,
europe_uefa-champions-league/2014-2015/2015-03-10 - 22-45 Real Madrid 3 - 4 Schalke,1,2694.892,,
europe_uefa-champions-league/2014-2015/2015-03-10 - 22-45 Real Madrid 3 - 4 Schalke,2,419.0,8.99309249711223,
europe_uefa-champions-league/2014-2015/2015-03-10 - 22-45 Real Madrid 3 - 4 Schalke,2,673.357,6.045257665875397,
europe_uefa-champions-league/2014-2015/2015-03-10 - 22-45 Real Madrid 3 - 4 Schalke,2,2335.011,6.451879502680185,
spain_laliga/2014-2015/2015-05-02 - 17-00 Cordoba 0 - 8 Barcelona,1,2508.84,,
spain_laliga/2014-2015/2015-05-02 - 17-00 Cordoba 0 - 8 Barcelona,1,2814.16,1.4128562508012692,
spain_laliga/2014-2015/2015-05-02 - 17-00 Cordoba 0 - 8 Barcelona,2,60.035,,
spain_laliga/2014-2015/2015-05-02 - 17-00 Cordoba 0 - 8 Barcelona,2,463.44,,
spain_laliga/2014-2015/2015-05-02 - 17-00 Cordoba 0 - 8 Barcelona,2,1188.84,,
spain_laliga/2014-2015/2015-05-02 - 17-00 Cordoba 0 - 8 Barcelona,2,2053.2,,
spain_laliga/2014-2015/2015-05-02 - 17-00 Cordoba 0 - 8 Barcelona,2,2356.24,,
spain_laliga/2014-2015/2015-05-02 - 17-00 Cordoba 0 - 8 Barcelona,2,2530.32,,
